<?xml version="1.0" encoding="utf-8"?>

<theme>
    <name>Graphite + sidebar</name>
	<key>graphiteplus</key>
    <description>The original 'Graphite' theme with sidebar</description>
    <author>Oxwall Foundation</author>
    <authorEmail>themes@oxwall.org</authorEmail>
	<authorUrl>http://www.oxwall.org/foundation</authorUrl>
    <copyright>(C) 2009 Oxwall Foundation. All rights reserved.</copyright>
	<license>The BSD License</license>
    <licenseUrl>http://www.opensource.org/licenses/bsd-license.php</licenseUrl>
    <sidebarPosition>right</sidebarPosition>
</theme>